"DESCRIPTION","DURATION IN MS","NAME","PARENT SUITE","START TIME","STATUS","STOP TIME","SUB SUITE","SUITE","TEST CLASS","TEST METHOD"
"","901","Should cancel a destructive action and show the cancelled result","","2026-04-02","passed","2026-04-02","","ui/javascript-alerts/javascript-confirm-dismiss.spec.ts","",""
"","1080","Should show a clear error when logging in with an invalid username","","2026-04-02","passed","2026-04-02","","ui/auth/login-invalid-username.spec.ts","",""
"","1074","Should add multiple dynamic elements and remove a specific one","","2026-04-02","passed","2026-04-02","","ui/add-remove-elements/add-remove-elements.spec.ts","",""
"","1040","Should log in with the assigned worker account","","2026-04-02","passed","2026-04-02","","ui/auth/login.spec.ts","",""
"","1241","Should show a clear error when logging in with an invalid password","","2026-04-02","passed","2026-04-02","","ui/auth/login-invalid-password.spec.ts","",""
"","777","Should select a value from the dropdown and apply the choice","","2026-04-02","passed","2026-04-02","","ui/dropdown/dropdown-select-option.spec.ts","",""
"","1299","Should log out after a successful login and show a confirmation message","","2026-04-02","passed","2026-04-02","","ui/auth/logout-after-login.spec.ts","",""
"","837","Should confirm a destructive action and show the accepted result","","2026-04-02","passed","2026-04-02","","ui/javascript-alerts/javascript-confirm-accept.spec.ts","",""
"","918","Should upload a file and show the uploaded file name","","2026-04-02","passed","2026-04-02","","ui/file-upload/file-upload-success.spec.ts","",""
"","865","Should update checkbox states to match a chosen preference","","2026-04-02","passed","2026-04-02","","ui/checkboxes/checkboxes-toggle-preferences.spec.ts","",""
"","833","Should submit text in a prompt and show the echoed value","","2026-04-02","passed","2026-04-02","","ui/javascript-alerts/javascript-prompt-submit.spec.ts","",""
"","795","Should show immediate feedback for the pressed keyboard key","","2026-04-02","passed","2026-04-02","","ui/key-presses/key-press-feedback.spec.ts","",""
"","6668","Should show loaded content only after the async action completes","","2026-04-02","passed","2026-04-02","","ui/dynamic-loading/dynamic-loading-hello-world.spec.ts","",""
"","1066","Should display the secure area page after login with the assigned worker account","","2026-04-02","passed","2026-04-02","","ui/main-page/main-page.spec.ts","",""
